"","churned","DispatchDay_1","Cust_Type","Cust_age","Total_Call_revenue","mean_time_to_resolve"
"1","1",1618,"3",470,1288.24,1.6
"2","0",1532,"3",597,2855,1
"3","1",1650,"3",437,2807.36,0.2
"4","0",1189,"2",722,1317,0.8
"5","0",1252,"3",799,1771,0.2
"6","0",1487,"3",677,4968.45,2
"7","1",1840,"2",510,7378.13,1.8
"8","1",1841,"2",249,2527.58,3
"9","1",2225,"3",986,629.72,0.4
"10","0",1316,"3",459,1260.8,1
"11","1",1882,"3",317,1607.04,0.6
"12","1",2145,"3",121,9045.95,9
"13","0",1170,"3",740,1337.06,0.8
"14","0",1170,"3",862,1139.28,0.8
"15","1",1866,"2",233,2744.84,2.4
"16","0",1336,"1",862,7019.76,2.33333333333333
"17","0",1809,"1",752,1563.2,0.666666666666667
"18","0",1093,"3",358,2171.05,0.2
"19","0",1616,"2",544,2510.78,0.2
"20","1",1096,"1",1119,3576.03,0
"21","0",1996,"1",899,1498.84,0.8
"22","0",1098,"1",816,3351.52,1
"23","0",1708,"1",719,1331,0.2
"24","0",1102,"1",577,1248.38,0
"25","0",1248,"1",526,1858.45,0.8
"26","0",1104,"1",740,1649.74,0
"27","1",1675,"1",848,1397.3,0.4
"28","0",1798,"1",861,1328.79,0.4
"29","0",1891,"3",1098,676,1.4
"30","0",1525,"3",450,2639.61,0
"31","0",1576,"2",958,1110.5,0.2
"32","0",1109,"2",466,1151.1,0
"33","0",1112,"1",632,915.76,0
"34","0",1113,"1",869,2007.61,0
"35","0",1298,"3",302,823,0.8
"36","0",2018,"2",964,3524.82,1.2
"37","1",1115,"3",952,816.43,0.2
"38","0",1165,"3",113,1893.64,0.4
"39","0",1690,"1",567,3036.73,2
"40","0",1792,"3",666,1290.66,0
"41","0",1474,"1",403,1773.73,0
"42","0",1130,"2",1056,3182.9,0.4
"43","0",1455,"2",414,1564.25,0.2
"44","0",1131,"1",885,1100.54,1.2
"45","0",1130,"1",849,2109.06,1
"46","1",1805,"1",1058,2400.33,1
"47","0",1844,"1",915,1498,0.4
"48","0",1997,"2",859,1309.62,1.2
"49","0",1140,"1",169,4407.42,1.2
"50","0",1140,"3",959,1073.66,0
"51","0",1441,"3",1021,668.1,2.8
"52","0",1977,"1",830,2287.04,0.2
"53","0",1178,"1",1051,1450.86,0.6
"54","0",1483,"2",653,882.9,0.4
"55","0",1154,"1",1048,5643.92,3.4
"56","1",1988,"1",996,1388.95,0.6
"57","0",1156,"1",950,1185,0
"58","0",1237,"1",886,1588.56,1.4
"59","0",1157,"2",1016,787.92,0.8
"60","0",1548,"3",957,1302,0.4
"61","0",1242,"1",511,4543.48,0.6
"62","0",1616,"1",513,945.64,1
"63","1",1888,"2",865,1258.08,0.4
"64","0",1163,"1",852,3065.73,8.4
"65","0",1392,"1",828,1828.78,0.2
"66","1",1711,"1",910,1229.44,2
"67","1",1481,"1",743,2762.82,1
"68","0",1169,"1",1003,985.79,0.2
"69","0",1171,"1",682,429.83,0.4
"70","0",1189,"3",901,986.78,2
"71","0",1714,"1",763,3717.73,0
"72","0",1549,"3",785,1401.5,2.4
"73","1",1870,"3",701,2446.83,0
"74","0",1213,"3",424,1098.43,0.2
"75","0",1827,"1",651,1013.44,0.2
"76","0",1183,"1",921,2129.56,0.8
"77","0",1920,"1",735,2365.15,1
"78","0",1189,"1",814,1336.6,1.6
"79","1",1193,"1",722,5458.51,4.2
"80","1",1196,"1",756,2245.02,0
"81","0",1892,"3",823,2780,1.2
"82","1",1960,"1",1010,1209.15,0.6
"83","0",1207,"3",236,1245.19,3
"84","0",1208,"1",775,1120,4
"85","1",1210,"2",953,991.82,0.6
"86","1",1920,"3",104,1238.84,1.4
"87","0",1793,"3",273,2477.5,0.8
"88","0",1214,"2",47,4783.68,2.8
"89","1",2064,"1",1010,2291,0
"90","0",1216,"3",562,2258.4,0.6
"91","0",2020,"1",801,2786.57,4
"92","0",1457,"1",237,1609.5,0.2
"93","0",1221,"1",978,1436.44,0
"94","0",1222,"1",803,2878.11,0.4
"95","0",1508,"1",358,2468.18,0.6
"96","1",2072,"3",136,2642.55,0
"97","0",1360,"2",317,1923.16,0.2
"98","0",1097,"1",1017,2314.06,1.4
"99","0",1849,"1",944,1630.58,0
"100","0",1387,"1",551,1307.84,0.2
"101","0",1268,"2",118,5029.12,3
"102","0",1532,"3",588,1635.56,1.2
"103","0",1406,"2",81,706.86,0.8
"104","0",1792,"3",540,1554.68,0.2
"105","1",1253,"1",798,708,0
"106","0",1253,"1",507,1166.85,0
"107","0",1178,"1",146,1981.38,0.6
"108","1",2136,"3",480,1744.6,1
"109","0",1259,"3",848,2792.95,0.333333333333333
"110","0",1451,"1",422,2772.02,0
"111","0",1262,"3",431,1838.55,0.2
"112","0",1946,"1",682,1118.91,0
"113","1",1274,"1",919,1016.94,0.2
"114","1",2122,"1",894,1019,0
"115","0",1577,"1",605,1422.35,0.6
"116","0",1582,"1",765,1255.22,0.2
"117","0",1654,"1",903,2074.07,0
"118","1",1687,"1",563,1899.19,0.2
"119","1",1289,"2",755,685.27,0.2
"120","0",1306,"1",516,1144.92,0.2
"121","0",1291,"1",314,2378.98,0.2
"122","0",1295,"1",694,1396.21,2.2
"123","0",1292,"1",46,4199.26,1
"124","1",1292,"1",926,1675.79,1
"125","0",1803,"2",803,1048.25,0.2
"126","1",1821,"1",544,1443.18,0.4
"127","0",1295,"3",186,2409,0.2
"128","0",1548,"3",399,1324.2,0.2
"129","0",1313,"1",689,2272.01,1.6
"130","1",1752,"2",872,5089.53,0.8
"131","0",1300,"1",833,710,3.6
"132","1",1811,"1",867,1395.08,1
"133","0",1303,"1",697,3942.7,0.4
"134","0",1539,"1",906,1082.04,1.2
"135","1",1865,"2",662,1454.03,1.5
"136","0",1305,"1",617,1325.87,0.2
"137","0",1373,"2",827,2422.39,0
"138","0",1595,"3",743,3701.64,1.2
"139","0",1379,"3",830,2595.33,3
"140","1",2226,"1",909,1273.68,0
"141","1",1743,"1",823,1340.06,0.4
"142","1",2060,"1",869,894.69,1.4
"143","1",1325,"3",565,963.18,1
"144","1",2113,"3",863,2271.68,0.666666666666667
"145","0",1331,"3",509,2727.05,0.2
"146","0",1332,"3",742,1308,2.4
"147","1",1333,"3",756,2985.78,0.6
"148","0",1770,"3",569,2684.6,0.2
"149","0",2072,"3",736,1273,0.4
"150","1",1976,"3",693,1598.05,0.8
"151","0",1764,"2",424,1650.42,0.2
"152","0",1423,"1",209,2119.43,1
"153","0",1479,"2",145,5168.31,2
"154","0",1346,"3",50,1696.97,0.8
"155","0",1843,"2",496,2680.24,0
"156","1",1349,"2",579,1316.02,3
"157","0",1352,"1",718,1772.5,0
"158","0",1357,"2",704,656,0
"159","1",1357,"1",697,928.88,0.4
"160","0",1499,"3",199,4821.21,2.2
"161","0",1522,"3",171,1661.4,0.2
"162","1",1688,"1",825,2625.36,0.4
"163","1",1872,"2",669,2379.22,0
"164","1",1373,"3",712,2092.5,0
"165","1",1831,"1",812,2446.02,2.2
"166","0",2204,"3",830,1482,0
"167","0",1612,"3",274,1223.13,0
"168","0",1527,"2",499,908.53,2.4
"169","0",1380,"1",566,1345.41,0.8
"170","0",1389,"1",33,2754.86,4.4
"171","0",1597,"3",669,2106,0.4
"172","0",1386,"1",643,1255.46,5.2
"173","0",1673,"3",720,2023.11,1.2
"174","0",1394,"2",338,2107.81,0
"175","0",1627,"3",546,2032.52,0.4
"176","1",1551,"1",577,1018.79,0
"177","0",1803,"1",558,1120.54,0.2
"178","0",2016,"1",615,3419.63,0.6
"179","0",1402,"2",490,4094.56,2.2
"180","1",1410,"1",1045,1746.73,0.4
"181","1",1428,"3",792,2121.5,0.6
"182","0",1417,"2",210,2094.86,1.6
"183","0",1556,"2",138,2007.14,1
"184","0",1502,"1",469,3895,0.6
"185","1",2058,"3",793,979.85,0.6
"186","1",1799,"3",764,1483.5,2
"187","1",2179,"3",750,737.5,1.8
"188","0",1326,"1",210,1839.23,0.2
"189","0",1521,"1",544,1715.7,0.4
"190","0",1435,"1",148,570.55,0
"191","1",2112,"1",674,3110.26,0.4
"192","1",1813,"2",586,2357.13,0.6
"193","0",1493,"1",314,6033.92,0.8
"194","1",1855,"1",457,2374.34,1.6
"195","0",1962,"2",849,836.8,0
"196","0",1955,"3",502,2279.34,0
"197","1",1460,"1",714,1864.81,1.2
"198","0",1687,"1",418,1597.56,0.6
"199","0",1485,"3",374,3597.13,0.6
"200","1",1831,"1",355,2175.5,0.8
"201","0",1679,"1",473,1607,0.2
"202","0",1770,"3",627,1861.61,0.4
"203","1",1487,"1",424,595,0
"204","0",1499,"3",678,2613.75,0.2
"205","1",1502,"1",713,1760,0.4
"206","0",1660,"2",158,12406,2.4
"207","0",1839,"1",331,1640.15,3
"208","0",1535,"3",447,4231.5,0
"209","1",1871,"3",512,772.98,0
"210","1",1514,"3",618,3509.27,0.4
"211","1",2144,"1",448,1350.08,0
"212","0",1761,"2",249,1147.82,3.8
"213","1",1686,"1",666,1151.87,0.4
"214","1",1521,"1",557,1900,0
"215","1",2059,"1",624,1367.25,0.2
"216","1",2029,"2",500,2242.48,0.4
"217","1",1911,"2",670,2275,1.25
"218","0",1538,"3",240,2445.23,1.6
"219","0",1681,"3",275,1307.34,0.2
"220","1",1672,"1",566,1573.82,1.2
"221","1",1800,"3",369,2358.79,0.2
"222","0",1917,"3",657,2397.24,1
"223","0",1547,"3",293,2070.89,0.2
"224","0",1548,"2",52,2136,0.2
"225","1",1698,"1",194,1567.39,0
"226","1",1868,"3",664,1956.93,0.6
"227","1",1572,"2",255,670,0.8
"228","1",1577,"1",638,2569,0.8
"229","1",2053,"3",560,2675.92,0
"230","0",1594,"1",26,1764.55,0.8
"231","1",1583,"1",597,2095,1
"232","1",1743,"1",436,712.07,0.4
"233","0",1609,"1",155,8428,2
"234","1",1616,"1",516,1556.55,0.6
"235","1",1808,"1",563,2752.22,0.6
"236","1",1768,"2",192,1974.6,0.4
"237","0",1628,"3",132,892.62,0.8
"238","0",1633,"3",170,3049.22,1.2
"239","1",2144,"1",564,3652.89,1.2
"240","1",1822,"1",283,1174.82,1.8
"241","1",1641,"3",222,1009.48,0
"242","1",1668,"1",405,1690.7,1
"243","1",2025,"1",426,1145.9,0
"244","1",1980,"2",374,1729.44,0.6
"245","1",2111,"2",455,819.75,0
"246","1",1701,"1",198,1174.07,0
"247","1",1794,"3",167,14609.9,2.8
"248","1",1732,"1",487,881,0.4
"249","1",1708,"1",485,1745.22,0.6
"250","1",1979,"2",485,1542.5,0
"251","0",1770,"3",539,5723.75,1.4
"252","1",1822,"1",235,1130.61,0.4
"253","1",1750,"1",289,2669.26,5.4
"254","1",1729,"3",380,1364.07,1.8
"255","1",1743,"3",258,3991.28,1.4
"256","1",1877,"1",397,2836.84,0.8
"257","1",2064,"3",471,2805,7.4
"258","1",1751,"1",451,3321.95,3.2
"259","1",1753,"2",32,1659.4,2
"260","1",1792,"1",39,3027.62,0.4
"261","1",2086,"3",361,1726.43,0.2
"262","1",2006,"2",159,1363,0
"263","1",1761,"1",231,4274.19,3.4
"264","1",1769,"1",393,1872.02,0
"265","1",1878,"2",266,1481,0.2
"266","1",1865,"2",790,1350.64,0
"267","1",1782,"1",215,1458.25,0.2
"268","0",1192,"1",726,2266.01,0.4
"269","0",1141,"1",649,1631.78,0.2
"270","1",1793,"1",111,1812.85,0
"271","1",1833,"3",144,2337.14,0.4
"272","0",1673,"3",545,2068.5,4
"273","1",1831,"1",242,2385.89,0.2
"274","1",1623,"1",208,730,0
"275","1",1735,"1",536,1966.89,1
"276","0",1191,"3",692,1537,0.2
"277","1",1914,"2",261,3263.11,0.2
"278","1",1962,"3",378,2306.52,0
"279","1",1854,"3",252,1230.96,0
"280","1",2101,"3",110,3902.99,2.6
"281","1",1886,"1",121,1136.72,1
"282","1",1478,"1",439,981.11,0.4
"283","1",2023,"3",928,1561.76,2.8
"284","1",1943,"1",232,2369.89,0.6
"285","1",2141,"1",202,1860.12,0.2
"286","1",1960,"1",174,1820.25,2.2
"287","0",1504,"2",606,1764.17,0.2
"288","1",2207,"3",239,3688.14,1.2
"289","1",2118,"1",137,2138.04,2.6
"290","0",1437,"3",787,1861.97,0.4
"291","1",1968,"3",117,1904.6,0
"292","1",2075,"2",153,1061,0.2
"293","1",2159,"2",197,5317.62,0.2
"294","1",1312,"1",839,1296.87,0.6
"295","0",1358,"1",896,1059,0
"296","1",2034,"3",175,2031,0.4
"297","1",2037,"1",107,5674.51,6.2
"298","1",1846,"1",806,2709.77,0.4
"299","1",1410,"1",772,1307.94,0.4
"300","1",2050,"3",70,2693.23,0.8
"301","1",1653,"1",1087,1314.01,0.2
"302","0",1247,"1",1065,893.5,0.4
"303","1",2064,"1",127,8824.48,0.4
"304","1",1391,"2",773,3707.73,1.4
"305","1",2063,"2",99,891.47,0.2
"306","1",2069,"3",152,3277.46,0.6
"307","1",2058,"3",175,2937.87,0.2
"308","1",2184,"1",108,5270.56,4.4
"309","1",1680,"1",524,1233.84,0.4
"310","1",2095,"1",125,9662.63,0.4
"311","1",2146,"1",931,1159.33,0
"312","1",1904,"1",591,2900.28,5.4
"313","1",2118,"3",51,827.85,0.2
"314","1",1644,"1",611,3902.38,0.6
"315","1",2169,"3",86,2258,0.2
"316","1",2137,"1",659,1517.86,0.2
"317","0",1205,"1",938,2405,0.6
"318","1",2140,"1",777,1116.91,0
"319","0",1711,"1",910,1375.34,0.333333333333333
"320","0",1466,"1",376,3439.14,1
"321","0",1253,"2",286,1349.06,5.4
"322","0",1381,"1",818,2478.27,0.2
"323","0",1765,"1",670,2121.95,0.4
"324","0",1869,"1",773,1155.18,0
"325","0",2222,"1",1126,1413.09,0.2
"326","0",1161,"1",1059,1257.78,0.2
"327","0",2069,"1",972,1200.78,0.2
"328","0",1285,"1",1070,490.45,0.2
"329","0",1099,"1",574,1989.82,0.2
"330","0",1105,"1",1115,1519.75,0
"331","0",1105,"1",1010,2150.71,0
"332","0",1106,"1",561,3653,0
"333","0",1106,"1",368,1256,1.4
"334","0",1106,"3",363,1833.07,2.2
"335","0",2087,"1",976,5657.58,0.4
"336","0",1582,"1",915,2108.5,0
"337","0",1428,"1",573,852.51,0.2
"338","0",1228,"3",873,2751.22,0.4
"339","0",1442,"3",323,1606.79,1
"340","0",1331,"1",772,3566.52,0.4
"341","0",1435,"1",344,2510.17,1.2
"342","0",1123,"1",690,1871.74,1.2
"343","1",2199,"1",1076,2413.32,1
"344","0",1126,"3",413,2139.67,0
"345","0",1128,"1",1082,1990.97,4
"346","0",1129,"2",695,2916.03,0
"347","0",1651,"1",602,1707,0.2
"348","0",1408,"2",362,1366.17,1.8
"349","0",1136,"1",720,1256.89,0.2
"350","0",1140,"3",815,998.86,0
"351","0",2208,"3",1068,3238.06,0
"352","1",1143,"3",1000,1779.67,0.2
"353","0",1145,"1",246,1092.28,0.8
"354","0",1146,"1",986,1807.11,0
"355","0",1147,"1",619,4149.78,0.2
"356","0",1155,"2",334,4741.01,2
"357","0",1989,"2",841,2540.96,0.4
"358","1",1149,"1",833,2302.85,0
"359","0",1459,"2",953,1323.23,1
"360","0",1610,"1",459,1214.92,0.2
"361","0",1196,"1",349,658.5,0.2
"362","0",1506,"1",914,2334.47,1
"363","1",2089,"1",1004,1250.06,2.2
"364","0",1405,"1",250,1682.82,1
"365","1",1984,"1",884,1449.8,2.4
"366","1",1156,"1",968,1374.01,2.2
"367","0",1512,"1",1004,1231.73,1
"368","0",1161,"1",572,5781.13,1.6
"369","1",1159,"1",1044,1407.77,0.4
"370","0",1642,"1",803,3980,1.2
"371","0",1166,"1",171,976.41,2
"372","0",1308,"3",278,1731.85,1.6
"373","0",1164,"3",733,1416.14,4.2
"374","0",1186,"1",301,2031.91,2.4
"375","0",2201,"3",1037,7742.41,1.4
"376","0",1170,"3",805,1784.75,0
"377","1",1173,"1",1004,1047,2.2
"378","0",2212,"1",1041,1044.12,0
"379","0",1169,"3",621,2604.13,1.2
"380","0",1181,"1",582,1447.91,0
"381","0",1261,"1",587,2677.46,0.4
"382","0",1176,"2",581,2134.17,0
"383","1",2217,"1",1109,1222.91,0
"384","0",1332,"1",901,2164.28,1
"385","1",1186,"1",1034,1360.8,0.8
"386","0",1190,"1",694,1998.46,0.4
"387","0",1190,"2",986,1358.68,0
"388","0",1214,"3",736,1626.73,0
"389","1",1997,"3",882,1359.38,0.6
"390","0",1315,"1",625,1286.87,0.2
"391","0",1206,"1",159,1125,5
"392","0",1204,"3",477,2018.53,0.2
"393","1",2222,"3",1018,3869.31,1
"394","0",1208,"1",642,1680.12,0.6
"395","0",1214,"1",377,1332.46,2
"396","1",1843,"2",802,1052.14,0.6
"397","0",1360,"2",626,976.56,0.4
"398","1",2000,"1",786,1840.02,0
"399","0",1219,"2",651,1985.13,2
"400","1",1222,"1",978,1437.35,1.8
"401","0",1421,"1",697,1847,0.4
"402","0",1548,"1",491,1379,0.8
"403","0",1209,"1",483,3343.42,2
"404","0",1225,"1",861,1590.18,0.4
"405","0",1232,"1",924,3960,10.2
"406","0",1243,"1",946,1795.69,0.2
"407","0",1681,"2",918,1346.05,0.4
"408","0",1697,"1",877,1010.48,0.2
"409","1",2078,"1",862,1111.74,0.4
"410","0",1231,"1",991,3519.63,1.2
"411","0",1308,"1",802,3203.09,0.8
"412","1",2132,"1",944,1796,0.4
"413","1",2202,"2",971,2211.19,0.2
"414","0",1587,"1",570,1214.43,0.4
"415","0",1717,"3",616,1227.78,0.4
"416","0",1241,"1",943,1578.89,0
"417","0",1333,"3",95,8651,1
"418","0",1241,"1",249,6004.45,1.6
"419","0",1489,"1",670,1489.12,0.2
"420","0",1156,"1",1040,2303.73,0.4
"421","1",1540,"1",785,1010,0.2
"422","0",1497,"3",861,2220,0
"423","0",1305,"1",754,1907.38,0.2
"424","0",1249,"1",903,920.2,0.2
"425","0",1250,"1",556,4935.39,0
"426","0",1143,"1",981,1584.85,0.2
"427","0",1641,"1",462,2396.8,1.8
"428","0",1254,"2",583,1497.99,1.4
"429","0",1851,"1",563,10012.5,6.6
"430","1",1264,"1",901,2246.1,2.4
"431","1",2120,"3",860,902.52,0
"432","0",1261,"1",750,2781.38,1.6
"433","1",1262,"1",933,1139.37,0.2
"434","0",1263,"3",945,1371.03,0.8
"435","0",1264,"1",867,5566.17,3.6
"436","0",1654,"1",427,1088.42,0.4
"437","0",1308,"1",48,1448.49,0.4
"438","0",1267,"3",861,940.58,0.4
"439","0",1544,"1",905,1157.92,0.2
"440","1",1992,"1",502,1037.94,0.4
"441","0",1274,"3",554,2390.44,0.8
"442","1",2045,"1",789,934.64,0.2
"443","0",1276,"1",877,1176.35,0.2
"444","0",1281,"1",533,4385,1.4
"445","0",1312,"2",353,2271.22,1.6
"446","0",2020,"1",735,1925.26,8
"447","0",2072,"1",786,1072.13,0.4
"448","0",1523,"3",211,1956.04,0
"449","0",2129,"3",842,3453.83,0.8
"450","0",1291,"1",633,2232.15,2.2
"451","0",1289,"1",267,1436.07,0.4
"452","0",1726,"3",918,1558.65,0
"453","0",1522,"1",764,2361.71,1.4
"454","0",1294,"1",125,2074.69,0.2
"455","0",1751,"1",598,770.02,0.2
"456","0",1293,"2",406,1667.74,0.6
"457","1",1857,"1",920,1218.82,0.2
"458","1",1879,"1",734,1059.07,0.8
"459","0",1419,"1",381,1939.66,0
"460","0",1299,"1",769,1012.48,0.8
"461","0",1301,"1",578,1036.54,0.4
"462","0",1624,"1",322,2341.95,0.2
"463","0",1304,"1",410,1118.83,0.2
"464","1",1899,"1",806,2222.1,1.4
"465","0",1310,"2",450,3376.14,5
"466","1",1962,"1",650,1377,0.2
"467","0",1463,"1",462,2100.8,0.2
"468","1",1316,"1",910,3018.48,0.6
"469","0",1525,"3",906,1046.46,0
"470","0",1338,"1",440,2137.77,2.6
"471","0",1324,"1",672,1448.75,9.2
"472","0",1324,"1",641,1653.76,0
"473","1",1325,"1",649,2716.69,0
"474","0",1448,"1",408,1648.27,0
"475","0",1408,"1",268,2345.23,1.4
"476","1",1725,"2",664,2217.24,0.6
"477","1",2132,"3",802,1392.5,0
"478","0",1345,"2",635,2453.41,0.4
"479","1",1591,"1",371,1769.57,6.6
"480","0",1337,"1",814,3475.13,1.6
"481","0",1337,"1",589,4744.12,0
"482","0",1341,"1",455,1002.05,0.8
"483","0",1350,"1",748,1394.1,1.2
"484","0",1414,"3",434,2211.98,2
"485","0",1346,"1",74,1614.92,0.8
"486","0",1617,"1",274,1241,0.2
"487","0",1350,"2",824,2740,0.4
"488","0",1257,"2",348,743.43,2
"489","0",1918,"2",795,1453.37,0
"490","1",2218,"2",866,2340.91,0.6
"491","0",1572,"1",405,1933.4,0.2
"492","0",1354,"3",479,2123.97,0
"493","1",2113,"3",802,1454.01,1.4
"494","0",1371,"1",699,3369.04,1
"495","0",1161,"1",787,1358.99,0.2
"496","0",1358,"3",168,966.53,0.6
"497","0",1359,"1",412,1849.88,0.2
"498","1",1359,"2",727,9250,3.8
"499","0",1360,"3",364,1025.82,0.2
"500","0",1574,"2",230,1923.9,0.4
"501","0",1211,"3",875,15874,4.4
"502","1",1368,"2",835,1940.04,0.2
"503","0",1417,"3",273,2365.06,0
"504","1",1373,"3",764,3705.93,1.8
"505","0",1390,"1",262,1846,0.4
"506","0",1691,"1",317,2996.3,0.2
"507","0",1381,"1",151,872.54,0.4
"508","0",1408,"1",504,1020,0.2
"509","0",1869,"3",741,3218.22,0
"510","0",1376,"3",733,1364,0.2
"511","0",1620,"1",240,3831.85,4.6
"512","0",1410,"3",235,1370.4,0.2
"513","1",1385,"3",740,1932,1
"514","0",1385,"1",494,9688.74,1.4
"515","1",1667,"1",677,967.2,0.4
"516","0",1828,"3",819,3314.04,1
"517","0",1770,"2",515,1873.32,0
"518","1",1394,"3",825,3581.21,2
"519","0",1399,"3",341,1243.35,0.6
"520","1",2161,"1",763,957.5,0
"521","0",1607,"1",540,690.8,0.8
"522","0",1400,"3",826,1229.61,0
"523","0",1668,"1",365,1504.48,0
"524","1",1403,"2",688,968.28,0
"525","0",1459,"1",637,1083,0.6
"526","0",1414,"3",795,2690.22,11
"527","1",1424,"1",806,4326.26,4.2
"528","1",1093,"1",1133,1717.6,1.2
"529","0",1422,"3",87,5847.65,0.2
"530","1",1116,"1",965,679.87,0
"531","0",1424,"1",239,3215.46,0.6
"532","0",1426,"1",186,3280.14,1
"533","1",1430,"1",735,1413.86,0.4
"534","1",1443,"1",749,2116.69,0
"535","1",2096,"1",709,1478.8,0.8
"536","1",1980,"1",674,943,0.8
"537","1",1793,"1",643,1985.4,2
"538","0",1578,"3",244,6408.41,0.2
"539","0",1457,"1",391,1406.21,0.2
"540","1",1628,"1",746,1916.6,2
"541","0",1570,"1",148,935,0
"542","1",2182,"1",721,4468.75,8.4
"543","1",1735,"2",646,2627.26,2.2
"544","1",2065,"3",758,3693.65,0.2
"545","1",1472,"1",732,2368.58,0.8
"546","1",1586,"1",306,1215,0
"547","0",1477,"3",553,1970.6,0.2
"548","1",1661,"3",330,1425.5,0.2
"549","1",1486,"1",639,2599.29,0.2
"550","1",2194,"1",704,1068.88,0.2
"551","1",1493,"3",636,1379.89,0.2
"552","0",1494,"1",46,2551.93,0.4
"553","1",1732,"1",714,2468.25,0
"554","1",2005,"2",507,1590.88,0.4
"555","1",1543,"1",651,2172.88,0.4
"556","1",2051,"3",696,1229.85,0.8
"557","0",1584,"3",125,4390.49,0.4
"558","0",1632,"1",369,740.42,0.2
"559","1",1660,"2",275,1475.38,0.4
"560","0",1249,"1",749,1289.58,0.8
"561","1",1518,"1",682,1959.56,1
"562","1",1668,"1",328,2121.26,1
"563","1",1953,"1",523,2440.2,0.6
"564","1",1524,"1",590,1758.62,22.4
"565","0",1427,"1",420,2298.4,0.8
"566","0",1259,"1",431,2564.17,0.2
"567","1",1715,"1",613,1698.7,0
"568","1",1982,"1",459,1071.06,0.4
"569","1",1996,"3",517,1922.57,3
"570","1",2212,"3",677,3358.39,0.2
"571","0",1584,"3",448,1923.91,0
"572","1",1547,"1",545,995,0.4
"573","1",1554,"1",357,2625.13,0.2
"574","1",1557,"1",589,1725.77,0.2
"575","0",1915,"1",356,2031.58,0
"576","1",1564,"3",600,1383.25,0
"577","1",1565,"2",531,3799.76,1.2
"578","1",1290,"2",863,2732.44,3.6
"579","1",1833,"3",187,779,0.2
"580","1",2138,"1",649,944.4,0.6
"581","0",1581,"3",226,5509.37,0.4
"582","1",1582,"1",640,3386.03,0
"583","1",1959,"1",374,962.28,0.2
"584","1",1590,"1",306,4093.5,1.6
"585","1",2074,"3",614,991.59,5
"586","0",1697,"1",313,1376.37,0
"587","1",1595,"1",521,4751.67,0
"588","1",2063,"1",465,4618.08,1.6
"589","1",1600,"1",527,2149.3,0
"590","1",1712,"1",263,1356.2,0.8
"591","1",1605,"2",562,1755,0.4
"592","1",1609,"1",523,5022.72,0.8
"593","1",2020,"1",509,1774.58,0
"594","1",1879,"1",280,1046,0.6
"595","0",1373,"1",875,1036.45,0
"596","1",1819,"3",589,3397,0.8
"597","1",1620,"1",412,1045,2
"598","1",2208,"2",595,765.6,0.666666666666667
"599","0",1317,"1",592,1188.37,0.2
"600","1",2216,"2",590,2128.37,0
"601","1",1899,"3",570,2561.61,0.6
"602","1",1640,"1",491,1279.12,0
"603","1",1925,"3",285,2027.42,0.2
"604","1",1647,"1",69,3538.14,3.2
"605","1",1854,"1",502,854.31,0
"606","1",1934,"3",406,1738.7,5.8
"607","1",2075,"1",416,1273.4,3.6
"608","1",1663,"1",416,1417.38,0.4
"609","1",1670,"3",453,1968.9,0
"610","1",1677,"3",432,2941.64,0.8
"611","1",1804,"1",532,1575.64,0.2
"612","1",1685,"1",381,1270,1.2
"613","0",1693,"3",109,6487.65,1.4
"614","1",1692,"2",342,1256,0.2
"615","1",1937,"3",229,1240.2,0
"616","1",2065,"1",362,1704.79,0.4
"617","1",1705,"1",340,1387.11,0
"618","1",1706,"1",438,969.06,0.6
"619","1",1868,"1",257,2374.33,3
"620","1",1714,"2",247,1102.27,0
"621","1",1856,"3",278,1709.81,0
"622","1",1721,"3",485,2961.59,0
"623","1",1722,"1",43,1353,3.8
"624","1",1725,"1",748,2086.58,0.2
"625","0",1194,"1",744,2831.85,1.6
"626","0",1192,"1",732,1701.25,0.8
"627","1",2092,"1",434,2683.85,1.6
"628","1",2164,"2",429,1966,0.6
"629","1",1743,"1",183,1028.23,0.2
"630","1",2135,"1",399,2354.05,1.4
"631","1",1750,"3",467,1699.36,0.2
"632","1",2055,"3",329,1773.73,0.4
"633","1",1758,"3",156,3552.11,1.6
"634","1",2092,"3",67,7056.74,2.8
"635","1",1736,"1",447,1490.64,1
"636","1",2099,"3",425,1010.85,1
"637","1",2148,"1",393,1259.12,0.2
"638","1",1473,"3",742,989.16,0.8
"639","1",1391,"2",625,2935.16,0.4
"640","1",1787,"1",395,1839.83,0.4
"641","1",1791,"3",378,3357.67,1
"642","0",1098,"1",995,2156.46,0.4
"643","1",1918,"3",120,2227.79,0.2
"644","1",1852,"3",396,2324.75,0.2
"645","1",1959,"3",224,1519.45,0
"646","1",1802,"1",83,1456.16,2
"647","1",2023,"3",350,2729.7,0.4
"648","1",1813,"1",391,794.1,0
"649","1",1816,"1",402,4729.95,0.8
"650","1",1819,"1",404,2028.44,1.2
"651","1",2118,"3",303,1402,0
"652","0",1095,"1",729,1548.61,0.6
"653","1",1835,"3",331,998.52,0
"654","1",1837,"3",311,2082.96,0
"655","1",1843,"3",369,4651.25,0.6
"656","1",1878,"3",213,2730,0
"657","1",1855,"1",132,6771,0.2
"658","1",2003,"3",356,1944.87,0.4
"659","1",1311,"3",910,1183.5,0.6
"660","0",1869,"3",625,2843.89,0.4
"661","1",1894,"3",79,2597.7,0.2
"662","1",1882,"1",339,17255.55,2.8
"663","1",1942,"3",324,2051.86,1
"664","1",1171,"1",1016,2064.41,1.8
"665","1",1897,"1",330,5717.25,1
"666","0",1289,"1",796,2453.54,1.8
"667","1",1901,"1",48,1004.81,0
"668","1",1907,"1",292,2106,1.2
"669","0",1208,"1",1083,1261.5,0
"670","1",2005,"3",115,4005.68,0.8
"671","1",1953,"3",296,2678.62,1.8
"672","1",1286,"1",910,1500.89,1.2
"673","1",1963,"1",113,8622.4,7.2
"674","0",1387,"3",545,1590.14,0
"675","1",1450,"2",700,1676.33,1.2
"676","1",2012,"1",140,1299.72,2
"677","1",1470,"1",490,4334.05,1
"678","0",1173,"1",788,1855.72,0.2
"679","0",1114,"1",852,2186.76,2.2
"680","1",2023,"3",106,1719.15,1
"681","1",1970,"3",229,1227.37,0.4
"682","1",1975,"3",108,5185.71,0.2
"683","1",1675,"3",302,1231,0
"684","1",2117,"1",167,1285.63,0.4
"685","1",1977,"1",357,2440.38,0.2
"686","0",2004,"1",901,1467.17,1.2
"687","1",2010,"2",17,2451.84,1.4
"688","1",2057,"2",204,8760.33,4.4
"689","0",1160,"3",876,2282.55,0
"690","1",1507,"1",505,1865.66,0.6
"691","1",2016,"3",203,2817.66,0.4
"692","1",2035,"1",615,3064.5,3.8
"693","1",2129,"3",42,3410.53,2
"694","1",1120,"1",1079,1536.48,0.2
"695","1",1646,"1",489,2385.17,1
"696","1",2163,"3",122,9432.53,3.5
"697","0",2214,"3",1095,1453.08,0.2
"698","1",2073,"2",615,9823.12,2.2
"699","1",2075,"3",126,2696.45,0
"700","1",1450,"1",829,1713.56,0.4
"701","0",1189,"3",648,3719.41,0.4
"702","1",2118,"3",49,3654.6,0.4
"703","1",1922,"1",201,1220.59,0.4
"704","1",2133,"2",696,2317.9,0.8
"705","1",2194,"3",89,2068.69,0.8
"706","1",1848,"1",437,2751,0
"707","1",2191,"3",11,3177.37,0.2
"708","0",1221,"2",978,3506.03,6
"709","1",1535,"1",851,1336.9,1
"710","1",2030,"3",333,1591.36,0.4
"711","1",2223,"1",890,3911.09,0.2
"712","1",2055,"1",394,2142.08,0.4
"713","0",1238,"3",931,1318.5,1
"714","1",1711,"1",933,1993.44,1.6
"715","1",1996,"3",183,801.99,0.2
"716","1",1539,"1",735,1292.25,0
"717","1",1649,"1",822,1004.59,0.2
"718","1",1759,"1",946,3518.58,0.4
"719","1",1901,"1",1090,2383.85,0.8
"720","0",1822,"1",646,1183.25,0
"721","1",1622,"1",1030,2278.86,0.6
"722","0",1289,"1",1011,1376.92,0
"723","0",1180,"1",677,1492.53,0
"724","0",1152,"1",1005,4104.36,4.6
"725","1",1216,"1",841,2417.65,0
"726","1",1234,"3",932,2512.14,0.2
"727","1",1826,"1",854,1736.59,0.4
"728","0",1948,"3",653,1722.56,0
"729","0",1499,"2",490,1421.99,0
"730","1",1511,"2",623,1662.15,0.6
"731","1",2050,"1",531,1905.87,0.2
"732","1",1594,"1",357,2251.4,0.2
"733","1",1999,"1",415,3016.35,1
"734","1",1699,"1",405,969.64,0
"735","0",1186,"3",593,2125.37,0.4
"736","1",1946,"1",176,3714.4,5.2
"737","1",1274,"1",945,1270.16,0
"738","0",1941,"1",656,1284.81,0.2
"739","1",1470,"2",889,1475.21,0.4
"740","1",2117,"3",150,4940.16,1.8
"741","1",1281,"1",908,1930.27,0
